Timestamp,Frequency,Amplitude,Note
2025-01-21T16:43:30.850084,196.0,-133.07474103161465,G3
2025-01-21T16:43:30.850162,440.0,-141.10124696215303,A4
2025-01-21T16:43:30.850205,466.16,-137.1478058408088,A#4
2025-01-21T16:43:30.850245,261.63,-141.64203036155828,C4
2025-01-21T16:43:30.850284,174.0,-141.7443530830915,F3 (174Hz)
2025-01-21T16:43:30.850323,285.0,-139.1245199895192,C#4 (285Hz)
2025-01-21T16:43:30.850345,396.0,-139.19215798012445,G4 (396Hz)
2025-01-21T16:43:30.850362,417.0,-149.13345256299112,G#4 (417Hz)
2025-01-21T16:43:30.850376,432.0,-145.82413067499994,A4 (432Hz)
2025-01-21T16:43:30.850390,528.0,-135.42634664250508,C5 (528Hz)
2025-01-21T16:43:30.850404,639.0,-145.93364965278317,D#5 (639Hz)
2025-01-21T16:43:30.850419,741.0,-135.02115415043968,F#5 (741Hz)
2025-01-21T16:43:30.850443,852.0,-140.32968655248536,G#5 (852Hz)
2025-01-21T16:43:30.850455,963.0,-138.2785410719902,B5 (963Hz)
2025-01-21T16:43:31.591678,196.0,-120.77369035932149,G3
2025-01-21T16:43:31.591719,440.0,-131.79145168661174,A4
2025-01-21T16:43:31.591734,466.16,-135.0982810582595,A#4
2025-01-21T16:43:31.591750,261.63,-122.98071981346324,C4
2025-01-21T16:43:31.591764,174.0,-115.70809159277329,F3 (174Hz)
2025-01-21T16:43:31.591783,285.0,-123.25891502160277,C#4 (285Hz)
2025-01-21T16:43:31.591796,396.0,-135.3642216180778,G4 (396Hz)
2025-01-21T16:43:31.591815,417.0,-141.0838254370238,G#4 (417Hz)
2025-01-21T16:43:31.591825,432.0,-135.43373751921115,A4 (432Hz)
2025-01-21T16:43:31.591832,528.0,-126.39278145210972,C5 (528Hz)
2025-01-21T16:43:31.591839,639.0,-125.40635786304009,D#5 (639Hz)
2025-01-21T16:43:31.591846,741.0,-130.37517687913302,F#5 (741Hz)
2025-01-21T16:43:31.591853,852.0,-126.43149174048774,G#5 (852Hz)
2025-01-21T16:43:31.591860,963.0,-123.67903864183202,B5 (963Hz)
2025-01-21T16:43:31.969891,196.0,-79.58865053248867,G3
2025-01-21T16:43:31.969943,440.0,-102.49303377330803,A4
2025-01-21T16:43:31.969959,466.16,-98.9901151622816,A#4
2025-01-21T16:43:31.969975,261.63,-91.54661971643552,C4
2025-01-21T16:43:31.969989,174.0,-93.66458653331264,F3 (174Hz)
2025-01-21T16:43:31.970003,285.0,-95.35393809534986,C#4 (285Hz)
2025-01-21T16:43:31.970015,396.0,-102.46125438713787,G4 (396Hz)
2025-01-21T16:43:31.970036,417.0,-90.27350390922385,G#4 (417Hz)
2025-01-21T16:43:31.970049,432.0,-94.7379911287803,A4 (432Hz)
2025-01-21T16:43:31.970062,528.0,-96.38600560034081,C5 (528Hz)
2025-01-21T16:43:31.970076,639.0,-97.57127425152754,D#5 (639Hz)
2025-01-21T16:43:31.970089,741.0,-98.96434970159413,F#5 (741Hz)
2025-01-21T16:43:31.970103,852.0,-103.34374573062767,G#5 (852Hz)
2025-01-21T16:43:31.970117,963.0,-103.5907861007508,B5 (963Hz)
2025-01-21T16:43:32.515670,196.0,-83.57635612416897,G3
2025-01-21T16:43:32.515711,440.0,-75.98963565664025,A4
2025-01-21T16:43:32.515727,466.16,-82.96628984744834,A#4
2025-01-21T16:43:32.515743,261.63,-79.72286479701292,C4
2025-01-21T16:43:32.515757,174.0,-71.77593936573737,F3 (174Hz)
2025-01-21T16:43:32.515770,285.0,-84.39740277190839,C#4 (285Hz)
2025-01-21T16:43:32.515783,396.0,-86.75804253923286,G4 (396Hz)
2025-01-21T16:43:32.515796,417.0,-89.94287628194725,G#4 (417Hz)
2025-01-21T16:43:32.515809,432.0,-79.83410967696801,A4 (432Hz)
2025-01-21T16:43:32.515822,528.0,-80.29965748871962,C5 (528Hz)
2025-01-21T16:43:32.515834,639.0,-87.83603866539634,D#5 (639Hz)
2025-01-21T16:43:32.515847,741.0,-90.09225609287822,F#5 (741Hz)
2025-01-21T16:43:32.515876,852.0,-93.1746109200491,G#5 (852Hz)
2025-01-21T16:43:32.515912,963.0,-87.54344250139647,B5 (963Hz)
2025-01-21T16:43:33.227062,196.0,-72.52171749384503,G3
2025-01-21T16:43:33.227127,440.0,-78.15597436506403,A4
2025-01-21T16:43:33.227161,466.16,-76.35847383885147,A#4
2025-01-21T16:43:33.227194,261.63,-79.51674341443311,C4
2025-01-21T16:43:33.227224,174.0,-69.71088715975554,F3 (174Hz)
2025-01-21T16:43:33.227254,285.0,-77.77294489491129,C#4 (285Hz)
2025-01-21T16:43:33.227286,396.0,-76.64358997057013,G4 (396Hz)
2025-01-21T16:43:33.227318,417.0,-81.56739855961688,G#4 (417Hz)
2025-01-21T16:43:33.227354,432.0,-79.70916164049429,A4 (432Hz)
2025-01-21T16:43:33.227375,528.0,-76.7702266224933,C5 (528Hz)
2025-01-21T16:43:33.227389,639.0,-73.30047687533802,D#5 (639Hz)
2025-01-21T16:43:33.227403,741.0,-75.50771634174802,F#5 (741Hz)
2025-01-21T16:43:33.227417,852.0,-82.54672925013341,G#5 (852Hz)
2025-01-21T16:43:33.227438,963.0,-87.82898825795695,B5 (963Hz)
2025-01-21T16:43:33.905174,196.0,-59.26084861900507,G3
2025-01-21T16:43:33.905239,440.0,-73.00301609104989,A4
2025-01-21T16:43:33.905276,466.16,-71.42823943493424,A#4
2025-01-21T16:43:33.905316,261.63,-69.69689305779391,C4
2025-01-21T16:43:33.905357,174.0,-66.13739400234867,F3 (174Hz)
2025-01-21T16:43:33.905381,285.0,-68.53779485192308,C#4 (285Hz)
2025-01-21T16:43:33.905396,396.0,-70.08207746441455,G4 (396Hz)
2025-01-21T16:43:33.905410,417.0,-69.11034115991161,G#4 (417Hz)
2025-01-21T16:43:33.905427,432.0,-72.08523291772588,A4 (432Hz)
2025-01-21T16:43:33.905451,528.0,-82.93061939571574,C5 (528Hz)
2025-01-21T16:43:33.905468,639.0,-78.25737224876801,D#5 (639Hz)
2025-01-21T16:43:33.905491,741.0,-85.64190723347724,F#5 (741Hz)
2025-01-21T16:43:33.905503,852.0,-77.74062362526371,G#5 (852Hz)
2025-01-21T16:43:33.905515,963.0,-85.21041140550848,B5 (963Hz)
2025-01-21T16:43:34.670404,196.0,-65.75433701289812,G3
2025-01-21T16:43:34.670480,440.0,-75.0915178242583,A4
2025-01-21T16:43:34.670517,466.16,-72.95450783077847,A#4
2025-01-21T16:43:34.670545,261.63,-76.22702379594405,C4
2025-01-21T16:43:34.670570,174.0,-90.29451523510369,F3 (174Hz)
2025-01-21T16:43:34.670595,285.0,-63.39894780731099,C#4 (285Hz)
2025-01-21T16:43:34.670619,396.0,-76.88570247102979,G4 (396Hz)
2025-01-21T16:43:34.670642,417.0,-76.59858897703116,G#4 (417Hz)
2025-01-21T16:43:34.670666,432.0,-71.46375858697712,A4 (432Hz)
2025-01-21T16:43:34.670690,528.0,-77.66476783868518,C5 (528Hz)
2025-01-21T16:43:34.670713,639.0,-80.4403866055469,D#5 (639Hz)
2025-01-21T16:43:34.670735,741.0,-79.99609989322256,F#5 (741Hz)
2025-01-21T16:43:34.670770,852.0,-73.6181678191341,G#5 (852Hz)
2025-01-21T16:43:34.670797,963.0,-81.8734298090031,B5 (963Hz)
2025-01-21T16:43:35.466688,196.0,-59.828518270885255,G3
2025-01-21T16:43:35.466763,440.0,-81.13226183904727,A4
2025-01-21T16:43:35.466792,466.16,-72.95806028527393,A#4
2025-01-21T16:43:35.466819,261.63,-65.76107300074423,C4
2025-01-21T16:43:35.466844,174.0,-74.16758543462689,F3 (174Hz)
2025-01-21T16:43:35.466868,285.0,-68.43298180678572,C#4 (285Hz)
2025-01-21T16:43:35.466892,396.0,-73.0918619817931,G4 (396Hz)
2025-01-21T16:43:35.466916,417.0,-83.17905053770737,G#4 (417Hz)
2025-01-21T16:43:35.466939,432.0,-84.2119675543792,A4 (432Hz)
2025-01-21T16:43:35.466962,528.0,-82.45968364873399,C5 (528Hz)
2025-01-21T16:43:35.466986,639.0,-79.30281724958343,D#5 (639Hz)
2025-01-21T16:43:35.467009,741.0,-85.38197620308512,F#5 (741Hz)
2025-01-21T16:43:35.467037,852.0,-83.65392181906535,G#5 (852Hz)
2025-01-21T16:43:35.467060,963.0,-82.91478168239371,B5 (963Hz)
2025-01-21T16:43:35.989007,196.0,-63.70517031827204,G3
2025-01-21T16:43:35.989040,440.0,-71.05816653226604,A4
2025-01-21T16:43:35.989054,466.16,-73.82208788341288,A#4
2025-01-21T16:43:35.989068,261.63,-65.55489531901357,C4
2025-01-21T16:43:35.989080,174.0,-64.03691915043416,F3 (174Hz)
2025-01-21T16:43:35.989092,285.0,-69.88452587337605,C#4 (285Hz)
2025-01-21T16:43:35.989103,396.0,-76.63715181760308,G4 (396Hz)
2025-01-21T16:43:35.989115,417.0,-80.93686744368532,G#4 (417Hz)
2025-01-21T16:43:35.989129,432.0,-82.24037763813519,A4 (432Hz)
2025-01-21T16:43:35.989142,528.0,-73.10167045614506,C5 (528Hz)
2025-01-21T16:43:35.989153,639.0,-72.31089862089591,D#5 (639Hz)
2025-01-21T16:43:35.989164,741.0,-79.76107682007938,F#5 (741Hz)
2025-01-21T16:43:35.989175,852.0,-77.60319242508635,G#5 (852Hz)
2025-01-21T16:43:35.989186,963.0,-82.40634586833535,B5 (963Hz)
2025-01-21T16:43:36.367061,196.0,-67.34420646126979,G3
2025-01-21T16:43:36.367103,440.0,-67.9982919911443,A4
2025-01-21T16:43:36.367116,466.16,-70.02071903801738,A#4
2025-01-21T16:43:36.367129,261.63,-71.97951412952548,C4
2025-01-21T16:43:36.367140,174.0,-68.5264008249041,F3 (174Hz)
2025-01-21T16:43:36.367150,285.0,-78.18037732546875,C#4 (285Hz)
2025-01-21T16:43:36.367160,396.0,-76.8485234845684,G4 (396Hz)
2025-01-21T16:43:36.367170,417.0,-69.00954554683696,G#4 (417Hz)
2025-01-21T16:43:36.367180,432.0,-69.6848767089787,A4 (432Hz)
2025-01-21T16:43:36.367196,528.0,-71.67503392668101,C5 (528Hz)
2025-01-21T16:43:36.367207,639.0,-81.0976132888299,D#5 (639Hz)
2025-01-21T16:43:36.367216,741.0,-78.00068858938961,F#5 (741Hz)
2025-01-21T16:43:36.367226,852.0,-75.77903300420707,G#5 (852Hz)
2025-01-21T16:43:36.367236,963.0,-81.79774497231634,B5 (963Hz)
2025-01-21T16:43:36.858884,196.0,-71.80488391689136,G3
2025-01-21T16:43:36.858945,440.0,-68.09123765494797,A4
2025-01-21T16:43:36.858977,466.16,-90.93953703754826,A#4
2025-01-21T16:43:36.859005,261.63,-70.27557605371852,C4
2025-01-21T16:43:36.859030,174.0,-71.55250750058953,F3 (174Hz)
2025-01-21T16:43:36.859056,285.0,-65.72101583671902,C#4 (285Hz)
2025-01-21T16:43:36.859095,396.0,-84.30481221086401,G4 (396Hz)
2025-01-21T16:43:36.859117,417.0,-81.26256067845672,G#4 (417Hz)
2025-01-21T16:43:36.859131,432.0,-72.70378909340455,A4 (432Hz)
2025-01-21T16:43:36.859144,528.0,-78.13478662707121,C5 (528Hz)
2025-01-21T16:43:36.859169,639.0,-80.18556037024864,D#5 (639Hz)
2025-01-21T16:43:36.859188,741.0,-83.01063987369497,F#5 (741Hz)
2025-01-21T16:43:36.859200,852.0,-75.60058088292702,G#5 (852Hz)
2025-01-21T16:43:36.859212,963.0,-81.43058926254659,B5 (963Hz)
2025-01-21T16:43:37.682094,196.0,-62.51072446633061,G3
2025-01-21T16:43:37.682136,440.0,-71.04393657556246,A4
2025-01-21T16:43:37.682152,466.16,-71.07734465164502,A#4
2025-01-21T16:43:37.682167,261.63,-72.62226844631556,C4
2025-01-21T16:43:37.682180,174.0,-66.89916942310353,F3 (174Hz)
2025-01-21T16:43:37.682191,285.0,-81.9486726442028,C#4 (285Hz)
2025-01-21T16:43:37.682204,396.0,-76.84817189596357,G4 (396Hz)
2025-01-21T16:43:37.682215,417.0,-73.53262572987552,G#4 (417Hz)
2025-01-21T16:43:37.682227,432.0,-77.76905892604952,A4 (432Hz)
2025-01-21T16:43:37.682238,528.0,-74.60661776858234,C5 (528Hz)
2025-01-21T16:43:37.682250,639.0,-73.93899405493785,D#5 (639Hz)
2025-01-21T16:43:37.682261,741.0,-84.2929239219905,F#5 (741Hz)
2025-01-21T16:43:37.682273,852.0,-78.78913526744637,G#5 (852Hz)
2025-01-21T16:43:37.682284,963.0,-82.68240195779386,B5 (963Hz)
2025-01-21T16:43:38.609472,196.0,-74.03097682071105,G3
2025-01-21T16:43:38.609527,440.0,-81.24427704352387,A4
2025-01-21T16:43:38.609555,466.16,-75.08993875755961,A#4
2025-01-21T16:43:38.609582,261.63,-73.48551111639651,C4
2025-01-21T16:43:38.609607,174.0,-68.28998233970582,F3 (174Hz)
2025-01-21T16:43:38.609633,285.0,-71.58505590202942,C#4 (285Hz)
2025-01-21T16:43:38.609658,396.0,-81.76769368737182,G4 (396Hz)
2025-01-21T16:43:38.609681,417.0,-76.03075446112842,G#4 (417Hz)
2025-01-21T16:43:38.609706,432.0,-82.45204318243901,A4 (432Hz)
2025-01-21T16:43:38.609730,528.0,-70.341129307274,C5 (528Hz)
2025-01-21T16:43:38.609754,639.0,-89.06305331932154,D#5 (639Hz)
2025-01-21T16:43:38.609777,741.0,-89.12401587955432,F#5 (741Hz)
2025-01-21T16:43:38.609801,852.0,-74.96602350608609,G#5 (852Hz)
2025-01-21T16:43:38.609825,963.0,-80.02742969793712,B5 (963Hz)
2025-01-21T16:43:39.362213,196.0,-63.012800186443336,G3
2025-01-21T16:43:39.362274,440.0,-74.6654286810258,A4
2025-01-21T16:43:39.362303,466.16,-103.57652347251594,A#4
2025-01-21T16:43:39.362331,261.63,-65.83472380464953,C4
2025-01-21T16:43:39.362356,174.0,-63.67701921517838,F3 (174Hz)
2025-01-21T16:43:39.362380,285.0,-69.32746399231556,C#4 (285Hz)
2025-01-21T16:43:39.362405,396.0,-76.69567349345934,G4 (396Hz)
2025-01-21T16:43:39.362429,417.0,-71.190139517344,G#4 (417Hz)
2025-01-21T16:43:39.362452,432.0,-71.25327529839693,A4 (432Hz)
2025-01-21T16:43:39.362475,528.0,-76.5291273091689,C5 (528Hz)
2025-01-21T16:43:39.362498,639.0,-83.87019774994647,D#5 (639Hz)
2025-01-21T16:43:39.362521,741.0,-84.60208505975413,F#5 (741Hz)
2025-01-21T16:43:39.362544,852.0,-79.37118921823757,G#5 (852Hz)
2025-01-21T16:43:39.362567,963.0,-85.16679531305428,B5 (963Hz)
2025-01-21T16:43:40.111566,196.0,-75.46674496008323,G3
2025-01-21T16:43:40.111630,440.0,-83.31867171883913,A4
2025-01-21T16:43:40.111660,466.16,-73.22680200474264,A#4
2025-01-21T16:43:40.111687,261.63,-88.5093064914642,C4
2025-01-21T16:43:40.111711,174.0,-60.64757482051215,F3 (174Hz)
2025-01-21T16:43:40.111734,285.0,-73.66635936285792,C#4 (285Hz)
2025-01-21T16:43:40.111757,396.0,-77.26388304085037,G4 (396Hz)
2025-01-21T16:43:40.111780,417.0,-75.34466591252082,G#4 (417Hz)
2025-01-21T16:43:40.111803,432.0,-76.59737795075048,A4 (432Hz)
2025-01-21T16:43:40.111826,528.0,-69.33192952208402,C5 (528Hz)
2025-01-21T16:43:40.111848,639.0,-74.35379920992114,D#5 (639Hz)
2025-01-21T16:43:40.111870,741.0,-85.37443658355446,F#5 (741Hz)
2025-01-21T16:43:40.111893,852.0,-86.12808532465874,G#5 (852Hz)
2025-01-21T16:43:40.111916,963.0,-80.56874958369518,B5 (963Hz)
2025-01-21T16:43:40.490582,196.0,-66.03088527557787,G3
2025-01-21T16:43:40.490650,440.0,-72.24767234499073,A4
2025-01-21T16:43:40.490667,466.16,-71.27864849326836,A#4
2025-01-21T16:43:40.490681,261.63,-70.71397413786147,C4
2025-01-21T16:43:40.490694,174.0,-70.40368578920945,F3 (174Hz)
2025-01-21T16:43:40.490708,285.0,-70.2726056361176,C#4 (285Hz)
2025-01-21T16:43:40.490720,396.0,-84.59996958937852,G4 (396Hz)
2025-01-21T16:43:40.490733,417.0,-74.70235927806341,G#4 (417Hz)
2025-01-21T16:43:40.490745,432.0,-77.18082957165095,A4 (432Hz)
2025-01-21T16:43:40.490757,528.0,-76.48444012277602,C5 (528Hz)
2025-01-21T16:43:40.490768,639.0,-90.26695360728739,D#5 (639Hz)
2025-01-21T16:43:40.490780,741.0,-93.99475495632166,F#5 (741Hz)
2025-01-21T16:43:40.490792,852.0,-83.8656681511151,G#5 (852Hz)
2025-01-21T16:43:40.490804,963.0,-79.78502537562142,B5 (963Hz)
2025-01-21T16:43:40.890719,196.0,-63.204402048156936,G3
2025-01-21T16:43:40.890761,440.0,-80.91461599970037,A4
2025-01-21T16:43:40.890775,466.16,-90.12422311708647,A#4
2025-01-21T16:43:40.890790,261.63,-66.78608853655676,C4
2025-01-21T16:43:40.890802,174.0,-74.29403662902006,F3 (174Hz)
2025-01-21T16:43:40.890814,285.0,-74.90393378402077,C#4 (285Hz)
2025-01-21T16:43:40.890827,396.0,-93.22067415765305,G4 (396Hz)
2025-01-21T16:43:40.890839,417.0,-70.66301556861129,G#4 (417Hz)
2025-01-21T16:43:40.890850,432.0,-74.21415481985866,A4 (432Hz)
2025-01-21T16:43:40.890863,528.0,-74.05867287564783,C5 (528Hz)
2025-01-21T16:43:40.890874,639.0,-79.47063571652629,D#5 (639Hz)
2025-01-21T16:43:40.890886,741.0,-90.68279550641434,F#5 (741Hz)
2025-01-21T16:43:40.890898,852.0,-73.76216286000508,G#5 (852Hz)
2025-01-21T16:43:40.890910,963.0,-82.0120463013845,B5 (963Hz)
2025-01-21T16:43:41.324279,196.0,-66.2633116977579,G3
2025-01-21T16:43:41.324357,440.0,-82.67762660078652,A4
2025-01-21T16:43:41.324394,466.16,-84.92193445604043,A#4
2025-01-21T16:43:41.324430,261.63,-68.0714061342397,C4
2025-01-21T16:43:41.324449,174.0,-63.038948567275305,F3 (174Hz)
2025-01-21T16:43:41.324468,285.0,-73.06516943255983,C#4 (285Hz)
2025-01-21T16:43:41.324490,396.0,-73.39396063007113,G4 (396Hz)
2025-01-21T16:43:41.324516,417.0,-74.89285012900795,G#4 (417Hz)
2025-01-21T16:43:41.324531,432.0,-76.14045334119287,A4 (432Hz)
2025-01-21T16:43:41.324546,528.0,-75.15963308743012,C5 (528Hz)
2025-01-21T16:43:41.324563,639.0,-83.89208672804557,D#5 (639Hz)
2025-01-21T16:43:41.324584,741.0,-74.94538864273173,F#5 (741Hz)
2025-01-21T16:43:41.324605,852.0,-81.49012677671351,G#5 (852Hz)
2025-01-21T16:43:41.324619,963.0,-107.01043066830877,B5 (963Hz)
2025-01-21T16:43:42.043570,196.0,-85.55479514735323,G3
2025-01-21T16:43:42.043614,440.0,-74.83224057347215,A4
2025-01-21T16:43:42.043631,466.16,-79.41210100606129,A#4
2025-01-21T16:43:42.043647,261.63,-69.02939619152707,C4
2025-01-21T16:43:42.043661,174.0,-70.40169702012038,F3 (174Hz)
2025-01-21T16:43:42.043675,285.0,-70.29503796047969,C#4 (285Hz)
2025-01-21T16:43:42.043688,396.0,-78.15500304596686,G4 (396Hz)
2025-01-21T16:43:42.043701,417.0,-77.0694721430875,G#4 (417Hz)
2025-01-21T16:43:42.043714,432.0,-80.20598226411914,A4 (432Hz)
2025-01-21T16:43:42.043727,528.0,-77.2625915350854,C5 (528Hz)
2025-01-21T16:43:42.043740,639.0,-77.66988166896367,D#5 (639Hz)
2025-01-21T16:43:42.043752,741.0,-79.26839591070822,F#5 (741Hz)
2025-01-21T16:43:42.043765,852.0,-79.58424037795625,G#5 (852Hz)
2025-01-21T16:43:42.043778,963.0,-82.63898849073789,B5 (963Hz)
2025-01-21T16:43:42.779879,196.0,-67.24998903062276,G3
2025-01-21T16:43:42.779931,440.0,-73.55769059206244,A4
2025-01-21T16:43:42.779957,466.16,-76.24839365496103,A#4
2025-01-21T16:43:42.779990,261.63,-79.25639740397732,C4
2025-01-21T16:43:42.780013,174.0,-70.53838856544661,F3 (174Hz)
2025-01-21T16:43:42.780036,285.0,-73.77781853215735,C#4 (285Hz)
2025-01-21T16:43:42.780058,396.0,-73.52161721333567,G4 (396Hz)
2025-01-21T16:43:42.780080,417.0,-70.98587004718765,G#4 (417Hz)
2025-01-21T16:43:42.780102,432.0,-68.42943900357969,A4 (432Hz)
2025-01-21T16:43:42.780135,528.0,-77.9617186178159,C5 (528Hz)
2025-01-21T16:43:42.780175,639.0,-86.3999881087619,D#5 (639Hz)
2025-01-21T16:43:42.780200,741.0,-77.25398191295301,F#5 (741Hz)
2025-01-21T16:43:42.780222,852.0,-77.33941222311213,G#5 (852Hz)
2025-01-21T16:43:42.780244,963.0,-75.85821633970585,B5 (963Hz)
2025-01-21T16:43:44.021467,196.0,-59.53610991976152,G3
2025-01-21T16:43:44.021530,440.0,-85.9371211652251,A4
2025-01-21T16:43:44.021559,466.16,-95.36264868965374,A#4
2025-01-21T16:43:44.021585,261.63,-78.84764732167473,C4
2025-01-21T16:43:44.021610,174.0,-67.70174601248141,F3 (174Hz)
2025-01-21T16:43:44.021633,285.0,-76.20129780789367,C#4 (285Hz)
2025-01-21T16:43:44.021656,396.0,-76.21625597763055,G4 (396Hz)
2025-01-21T16:43:44.021679,417.0,-70.53542153248914,G#4 (417Hz)
2025-01-21T16:43:44.021701,432.0,-78.72358070408075,A4 (432Hz)
2025-01-21T16:43:44.021724,528.0,-75.17833330878041,C5 (528Hz)
2025-01-21T16:43:44.021747,639.0,-78.6381635160333,D#5 (639Hz)
2025-01-21T16:43:44.021769,741.0,-87.1555578348662,F#5 (741Hz)
2025-01-21T16:43:44.021791,852.0,-87.51736566917066,G#5 (852Hz)
2025-01-21T16:43:44.021814,963.0,-78.06164588486659,B5 (963Hz)
2025-01-21T16:43:44.694089,196.0,-61.33902106660266,G3
2025-01-21T16:43:44.694131,440.0,-85.59520616807288,A4
2025-01-21T16:43:44.694139,466.16,-72.62842334775756,A#4
2025-01-21T16:43:44.694146,261.63,-88.04927119133626,C4
2025-01-21T16:43:44.694152,174.0,-76.35931417811437,F3 (174Hz)
2025-01-21T16:43:44.694158,285.0,-89.68040486894532,C#4 (285Hz)
2025-01-21T16:43:44.694164,396.0,-76.00644172819815,G4 (396Hz)
2025-01-21T16:43:44.694169,417.0,-65.06144244969846,G#4 (417Hz)
2025-01-21T16:43:44.694175,432.0,-67.71560404914158,A4 (432Hz)
2025-01-21T16:43:44.694181,528.0,-87.26040108191259,C5 (528Hz)
2025-01-21T16:43:44.694186,639.0,-81.44547886044477,D#5 (639Hz)
2025-01-21T16:43:44.694191,741.0,-79.60371665347515,F#5 (741Hz)
2025-01-21T16:43:44.694197,852.0,-81.18740181980195,G#5 (852Hz)
2025-01-21T16:43:44.694202,963.0,-90.2622839298557,B5 (963Hz)
2025-01-21T16:43:45.082767,196.0,-67.06918534050214,G3
2025-01-21T16:43:45.082822,440.0,-77.66857716835429,A4
2025-01-21T16:43:45.082837,466.16,-76.33868091936495,A#4
2025-01-21T16:43:45.082851,261.63,-70.03000706727715,C4
2025-01-21T16:43:45.082863,174.0,-62.268608767630305,F3 (174Hz)
2025-01-21T16:43:45.082876,285.0,-69.0929383232847,C#4 (285Hz)
2025-01-21T16:43:45.082888,396.0,-78.71500796134826,G4 (396Hz)
2025-01-21T16:43:45.082900,417.0,-76.2853106675637,G#4 (417Hz)
2025-01-21T16:43:45.082912,432.0,-78.01864710749703,A4 (432Hz)
2025-01-21T16:43:45.082923,528.0,-75.47367375917615,C5 (528Hz)
2025-01-21T16:43:45.082934,639.0,-82.38579602794931,D#5 (639Hz)
2025-01-21T16:43:45.082946,741.0,-70.29128808246831,F#5 (741Hz)
2025-01-21T16:43:45.082958,852.0,-77.01736007290253,G#5 (852Hz)
2025-01-21T16:43:45.082970,963.0,-81.16877133680006,B5 (963Hz)
2025-01-21T16:43:45.474864,196.0,-60.298347887555586,G3
2025-01-21T16:43:45.474898,440.0,-72.8768698171386,A4
2025-01-21T16:43:45.474912,466.16,-72.34890217778174,A#4
2025-01-21T16:43:45.474924,261.63,-80.33098262191386,C4
2025-01-21T16:43:45.474935,174.0,-63.95262711461985,F3 (174Hz)
2025-01-21T16:43:45.474946,285.0,-71.76399518401698,C#4 (285Hz)
2025-01-21T16:43:45.474957,396.0,-77.20562885307986,G4 (396Hz)
2025-01-21T16:43:45.474967,417.0,-73.94089232350919,G#4 (417Hz)
2025-01-21T16:43:45.474978,432.0,-72.83354011743454,A4 (432Hz)
2025-01-21T16:43:45.474988,528.0,-70.34651772949738,C5 (528Hz)
2025-01-21T16:43:45.474999,639.0,-84.19484828379609,D#5 (639Hz)
2025-01-21T16:43:45.475010,741.0,-84.69196949577753,F#5 (741Hz)
2025-01-21T16:43:45.475020,852.0,-79.46801637900741,G#5 (852Hz)
2025-01-21T16:43:45.475030,963.0,-88.55289422535009,B5 (963Hz)
2025-01-21T16:43:45.994312,196.0,-64.1245972597607,G3
2025-01-21T16:43:45.994376,440.0,-69.17017533661281,A4
2025-01-21T16:43:45.994412,466.16,-67.6929847421662,A#4
2025-01-21T16:43:45.994446,261.63,-79.38026578254224,C4
2025-01-21T16:43:45.994479,174.0,-69.94354031279761,F3 (174Hz)
2025-01-21T16:43:45.994519,285.0,-77.0992950133519,C#4 (285Hz)
2025-01-21T16:43:45.994550,396.0,-70.15919139455184,G4 (396Hz)
2025-01-21T16:43:45.994583,417.0,-72.99314555118816,G#4 (417Hz)
2025-01-21T16:43:45.994599,432.0,-70.637705863689,A4 (432Hz)
2025-01-21T16:43:45.994613,528.0,-68.18259007385248,C5 (528Hz)
2025-01-21T16:43:45.994631,639.0,-78.76179934124768,D#5 (639Hz)
2025-01-21T16:43:45.994657,741.0,-74.4351239794127,F#5 (741Hz)
2025-01-21T16:43:45.994674,852.0,-86.0711048492316,G#5 (852Hz)
2025-01-21T16:43:45.994688,963.0,-78.89817451361797,B5 (963Hz)
2025-01-21T16:43:46.777250,196.0,-59.90846807350423,G3
2025-01-21T16:43:46.777309,440.0,-72.14663164711673,A4
2025-01-21T16:43:46.777338,466.16,-67.36678829815634,A#4
2025-01-21T16:43:46.777366,261.63,-62.50101790511976,C4
2025-01-21T16:43:46.777391,174.0,-62.67118237833888,F3 (174Hz)
2025-01-21T16:43:46.777415,285.0,-64.8175429718029,C#4 (285Hz)
2025-01-21T16:43:46.777439,396.0,-71.13923865757663,G4 (396Hz)
2025-01-21T16:43:46.777462,417.0,-65.73360374308547,G#4 (417Hz)
2025-01-21T16:43:46.777487,432.0,-70.36732082217986,A4 (432Hz)
2025-01-21T16:43:46.777511,528.0,-76.39280933520472,C5 (528Hz)
2025-01-21T16:43:46.777535,639.0,-73.2574288582098,D#5 (639Hz)
2025-01-21T16:43:46.777558,741.0,-84.81331642737703,F#5 (741Hz)
2025-01-21T16:43:46.777581,852.0,-90.95323055336362,G#5 (852Hz)
2025-01-21T16:43:46.777604,963.0,-82.56738574000042,B5 (963Hz)
2025-01-21T16:43:47.587356,196.0,-44.572463736263245,G3
2025-01-21T16:43:47.587411,440.0,-61.62685734097839,A4
2025-01-21T16:43:47.587437,466.16,-56.75775609678055,A#4
2025-01-21T16:43:47.587464,261.63,-48.47729444034266,C4
2025-01-21T16:43:47.587488,174.0,-50.90526012000433,F3 (174Hz)
2025-01-21T16:43:47.587511,285.0,-51.393742064138266,C#4 (285Hz)
2025-01-21T16:43:47.587533,396.0,-58.203331110345445,G4 (396Hz)
2025-01-21T16:43:47.587556,417.0,-64.17863955981956,G#4 (417Hz)
2025-01-21T16:43:47.587579,432.0,-63.4694357282344,A4 (432Hz)
2025-01-21T16:43:47.587601,528.0,-68.84521772950744,C5 (528Hz)
2025-01-21T16:43:47.587624,639.0,-63.29942759351465,D#5 (639Hz)
2025-01-21T16:43:47.587646,741.0,-47.79454929061016,F#5 (741Hz)
2025-01-21T16:43:47.587669,852.0,-62.91878569240316,G#5 (852Hz)
2025-01-21T16:43:47.587691,963.0,-64.45401206712947,B5 (963Hz)
2025-01-21T16:43:48.346202,196.0,-50.480846335035196,G3
2025-01-21T16:43:48.346266,440.0,-59.213961960816164,A4
2025-01-21T16:43:48.346300,466.16,-58.751648079888824,A#4
2025-01-21T16:43:48.346333,261.63,-55.586018105850805,C4
2025-01-21T16:43:48.346366,174.0,-47.46705782061358,F3 (174Hz)
2025-01-21T16:43:48.346399,285.0,-44.23776267496741,C#4 (285Hz)
2025-01-21T16:43:48.346430,396.0,-58.89761647162903,G4 (396Hz)
2025-01-21T16:43:48.346463,417.0,-64.41030549614428,G#4 (417Hz)
2025-01-21T16:43:48.346480,432.0,-64.62506384554612,A4 (432Hz)
2025-01-21T16:43:48.346494,528.0,-50.064697017011454,C5 (528Hz)
2025-01-21T16:43:48.346508,639.0,-63.63441991477217,D#5 (639Hz)
2025-01-21T16:43:48.346526,741.0,-54.286516080130475,F#5 (741Hz)
2025-01-21T16:43:48.346549,852.0,-67.7033637513177,G#5 (852Hz)
2025-01-21T16:43:48.346564,963.0,-68.38150445459058,B5 (963Hz)
2025-01-21T16:43:49.180905,196.0,-56.05061592499537,G3
2025-01-21T16:43:49.180929,440.0,-68.15801990136467,A4
2025-01-21T16:43:49.180937,466.16,-61.84273536252257,A#4
2025-01-21T16:43:49.180944,261.63,-53.71889950083188,C4
2025-01-21T16:43:49.180950,174.0,-59.36117177715157,F3 (174Hz)
2025-01-21T16:43:49.180956,285.0,-44.6876701599207,C#4 (285Hz)
2025-01-21T16:43:49.180961,396.0,-57.60360894106469,G4 (396Hz)
2025-01-21T16:43:49.180967,417.0,-58.90095451972218,G#4 (417Hz)
2025-01-21T16:43:49.180972,432.0,-60.79225840317743,A4 (432Hz)
2025-01-21T16:43:49.180977,528.0,-64.60280885483436,C5 (528Hz)
2025-01-21T16:43:49.180983,639.0,-61.3891542165475,D#5 (639Hz)
2025-01-21T16:43:49.180988,741.0,-68.51809893103963,F#5 (741Hz)
2025-01-21T16:43:49.180994,852.0,-68.44169623130105,G#5 (852Hz)
2025-01-21T16:43:49.180999,963.0,-71.21622479121724,B5 (963Hz)
2025-01-21T16:43:49.614018,196.0,-61.51748189885523,G3
2025-01-21T16:43:49.614059,440.0,-46.175852741186304,A4
2025-01-21T16:43:49.614076,466.16,-59.37997888999806,A#4
2025-01-21T16:43:49.614092,261.63,-65.24129048081888,C4
2025-01-21T16:43:49.614105,174.0,-59.493830244719334,F3 (174Hz)
2025-01-21T16:43:49.614118,285.0,-62.47774142275568,C#4 (285Hz)
2025-01-21T16:43:49.614131,396.0,-51.99757690982892,G4 (396Hz)
2025-01-21T16:43:49.614143,417.0,-41.91042724818992,G#4 (417Hz)
2025-01-21T16:43:49.614155,432.0,-42.15413910489792,A4 (432Hz)
2025-01-21T16:43:49.614168,528.0,-71.27958793327302,C5 (528Hz)
2025-01-21T16:43:49.614181,639.0,-55.02108343316067,D#5 (639Hz)
2025-01-21T16:43:49.614198,741.0,-75.78729493530422,F#5 (741Hz)
2025-01-21T16:43:49.614214,852.0,-75.80030009394945,G#5 (852Hz)
2025-01-21T16:43:49.614231,963.0,-76.91195546312058,B5 (963Hz)
2025-01-21T16:43:50.064377,196.0,-59.157503232816836,G3
2025-01-21T16:43:50.064413,440.0,-58.40205854842538,A4
2025-01-21T16:43:50.064428,466.16,-56.271032957999054,A#4
2025-01-21T16:43:50.064442,261.63,-45.16372639665236,C4
2025-01-21T16:43:50.064454,174.0,-63.85423785322821,F3 (174Hz)
2025-01-21T16:43:50.064465,285.0,-43.36363235559662,C#4 (285Hz)
2025-01-21T16:43:50.064476,396.0,-60.05445076990394,G4 (396Hz)
2025-01-21T16:43:50.064487,417.0,-59.45593079127999,G#4 (417Hz)
2025-01-21T16:43:50.064498,432.0,-59.32600028656236,A4 (432Hz)
2025-01-21T16:43:50.064509,528.0,-41.01912612872488,C5 (528Hz)
2025-01-21T16:43:50.064520,639.0,-62.059580255993126,D#5 (639Hz)
2025-01-21T16:43:50.064532,741.0,-67.04002711074303,F#5 (741Hz)
2025-01-21T16:43:50.064543,852.0,-58.69791013904825,G#5 (852Hz)
2025-01-21T16:43:50.064554,963.0,-65.58007178545641,B5 (963Hz)
2025-01-21T16:43:50.688967,196.0,-55.32328625544578,G3
2025-01-21T16:43:50.689024,440.0,-46.70608556897364,A4
2025-01-21T16:43:50.689058,466.16,-51.46065186467146,A#4
2025-01-21T16:43:50.689096,261.63,-39.05516421109584,C4
2025-01-21T16:43:50.689155,174.0,-58.07613088239738,F3 (174Hz)
2025-01-21T16:43:50.689179,285.0,-37.677486434391724,C#4 (285Hz)
2025-01-21T16:43:50.689200,396.0,-56.10432055389781,G4 (396Hz)
2025-01-21T16:43:50.689214,417.0,-51.0665425387435,G#4 (417Hz)
2025-01-21T16:43:50.689232,432.0,-47.64360519896211,A4 (432Hz)
2025-01-21T16:43:50.689258,528.0,-36.98862080369702,C5 (528Hz)
2025-01-21T16:43:50.689277,639.0,-59.825977065509875,D#5 (639Hz)
2025-01-21T16:43:50.689292,741.0,-68.47605744886324,F#5 (741Hz)
2025-01-21T16:43:50.689306,852.0,-56.80016376795955,G#5 (852Hz)
2025-01-21T16:43:50.689320,963.0,-63.45184908233765,B5 (963Hz)
2025-01-21T16:43:51.641096,196.0,-56.89590204161271,G3
2025-01-21T16:43:51.641158,440.0,-67.84342661460707,A4
2025-01-21T16:43:51.641194,466.16,-67.86386634104173,A#4
2025-01-21T16:43:51.641230,261.63,-80.98979851352655,C4
2025-01-21T16:43:51.641265,174.0,-53.73276337325508,F3 (174Hz)
2025-01-21T16:43:51.641305,285.0,-78.21491452619478,C#4 (285Hz)
2025-01-21T16:43:51.641335,396.0,-67.9738274865929,G4 (396Hz)
2025-01-21T16:43:51.641365,417.0,-71.15503804147681,G#4 (417Hz)
2025-01-21T16:43:51.641391,432.0,-70.12900405164419,A4 (432Hz)
2025-01-21T16:43:51.641418,528.0,-48.727499780066175,C5 (528Hz)
2025-01-21T16:43:51.641444,639.0,-71.09995118634787,D#5 (639Hz)
2025-01-21T16:43:51.641473,741.0,-62.07155820816436,F#5 (741Hz)
2025-01-21T16:43:51.641499,852.0,-81.65821639478742,G#5 (852Hz)
2025-01-21T16:43:51.641524,963.0,-81.76208811570065,B5 (963Hz)
2025-01-21T16:43:52.445028,196.0,-48.69099796586376,G3
2025-01-21T16:43:52.445069,440.0,-54.76772757182266,A4
2025-01-21T16:43:52.445085,466.16,-56.25649242241033,A#4
2025-01-21T16:43:52.445099,261.63,-46.918608937227255,C4
2025-01-21T16:43:52.445112,174.0,-45.34344134087564,F3 (174Hz)
2025-01-21T16:43:52.445124,285.0,-54.39943791264212,C#4 (285Hz)
2025-01-21T16:43:52.445136,396.0,-59.18046431376814,G4 (396Hz)
2025-01-21T16:43:52.445148,417.0,-57.723899296128245,G#4 (417Hz)
2025-01-21T16:43:52.445161,432.0,-56.278772110208585,A4 (432Hz)
2025-01-21T16:43:52.445189,528.0,-39.204410914764786,C5 (528Hz)
2025-01-21T16:43:52.445235,639.0,-60.00825291961164,D#5 (639Hz)
2025-01-21T16:43:52.445263,741.0,-46.063973775399305,F#5 (741Hz)
2025-01-21T16:43:52.445297,852.0,-63.118240423268965,G#5 (852Hz)
2025-01-21T16:43:52.445338,963.0,-64.75926670664916,B5 (963Hz)
2025-01-21T16:43:53.156771,196.0,-63.019979694897074,G3
2025-01-21T16:43:53.156847,440.0,-38.87759504907362,A4
2025-01-21T16:43:53.156906,466.16,-42.18046382928862,A#4
2025-01-21T16:43:53.156945,261.63,-59.1383890524143,C4
2025-01-21T16:43:53.156981,174.0,-73.16675051728984,F3 (174Hz)
2025-01-21T16:43:53.157016,285.0,-61.21609997808045,C#4 (285Hz)
2025-01-21T16:43:53.157060,396.0,-55.07124102333903,G4 (396Hz)
2025-01-21T16:43:53.157094,417.0,-51.92315090734255,G#4 (417Hz)
2025-01-21T16:43:53.157127,432.0,-44.84312447904624,A4 (432Hz)
2025-01-21T16:43:53.157160,528.0,-73.33818923521923,C5 (528Hz)
2025-01-21T16:43:53.157194,639.0,-62.51453500900666,D#5 (639Hz)
2025-01-21T16:43:53.157228,741.0,-60.55721974480698,F#5 (741Hz)
2025-01-21T16:43:53.157261,852.0,-69.93934965553859,G#5 (852Hz)
2025-01-21T16:43:53.157294,963.0,-73.40739550330514,B5 (963Hz)
2025-01-21T16:43:53.744502,196.0,-51.82335737900047,G3
2025-01-21T16:43:53.744531,440.0,-59.00360177010519,A4
2025-01-21T16:43:53.744539,466.16,-56.820313402171706,A#4
2025-01-21T16:43:53.744547,261.63,-46.206474895123094,C4
2025-01-21T16:43:53.744553,174.0,-50.01697130760625,F3 (174Hz)
2025-01-21T16:43:53.744560,285.0,-49.88420012109777,C#4 (285Hz)
2025-01-21T16:43:53.744566,396.0,-58.67086820672385,G4 (396Hz)
2025-01-21T16:43:53.744572,417.0,-60.31237696390366,G#4 (417Hz)
2025-01-21T16:43:53.744578,432.0,-58.075411188485916,A4 (432Hz)
2025-01-21T16:43:53.744584,528.0,-55.24984909907946,C5 (528Hz)
2025-01-21T16:43:53.744590,639.0,-60.748573904796416,D#5 (639Hz)
2025-01-21T16:43:53.744596,741.0,-60.582509996832556,F#5 (741Hz)
2025-01-21T16:43:53.744602,852.0,-83.73877773480395,G#5 (852Hz)
2025-01-21T16:43:53.744608,963.0,-75.09507145515823,B5 (963Hz)
2025-01-21T16:43:54.121733,196.0,-58.830636338702256,G3
2025-01-21T16:43:54.121758,440.0,-46.802819858278646,A4
2025-01-21T16:43:54.121765,466.16,-50.357234477498224,A#4
2025-01-21T16:43:54.121773,261.63,-43.27610090013043,C4
2025-01-21T16:43:54.121779,174.0,-66.71333350089503,F3 (174Hz)
2025-01-21T16:43:54.121785,285.0,-50.088368588841476,C#4 (285Hz)
2025-01-21T16:43:54.121792,396.0,-56.925582111123816,G4 (396Hz)
2025-01-21T16:43:54.121798,417.0,-50.645473640028655,G#4 (417Hz)
2025-01-21T16:43:54.121805,432.0,-47.61217640970621,A4 (432Hz)
2025-01-21T16:43:54.121811,528.0,-40.6181231673309,C5 (528Hz)
2025-01-21T16:43:54.121817,639.0,-58.82602284470738,D#5 (639Hz)
2025-01-21T16:43:54.121823,741.0,-59.511654351485966,F#5 (741Hz)
2025-01-21T16:43:54.121829,852.0,-68.27982282134661,G#5 (852Hz)
2025-01-21T16:43:54.121835,963.0,-77.42866921001577,B5 (963Hz)
2025-01-21T16:43:54.526687,196.0,-53.70803982824344,G3
2025-01-21T16:43:54.526723,440.0,-41.43812431937828,A4
2025-01-21T16:43:54.526741,466.16,-45.28394966982856,A#4
2025-01-21T16:43:54.526758,261.63,-60.78298650813288,C4
2025-01-21T16:43:54.526775,174.0,-56.48220309434813,F3 (174Hz)
2025-01-21T16:43:54.526791,285.0,-62.09677781001089,C#4 (285Hz)
2025-01-21T16:43:54.526807,396.0,-60.58424567545082,G4 (396Hz)
2025-01-21T16:43:54.526823,417.0,-56.14165396728379,G#4 (417Hz)
2025-01-21T16:43:54.526839,432.0,-47.3689361746813,A4 (432Hz)
2025-01-21T16:43:54.526855,528.0,-57.986073733354715,C5 (528Hz)
2025-01-21T16:43:54.526871,639.0,-60.05517718453629,D#5 (639Hz)
2025-01-21T16:43:54.526887,741.0,-70.26397373677743,F#5 (741Hz)
2025-01-21T16:43:54.526903,852.0,-74.9889925363407,G#5 (852Hz)
2025-01-21T16:43:54.526918,963.0,-83.1813244540558,B5 (963Hz)
2025-01-21T16:43:55.103278,196.0,-61.38842741146463,G3
2025-01-21T16:43:55.103334,440.0,-66.94266072856946,A4
2025-01-21T16:43:55.103361,466.16,-72.97500276127863,A#4
2025-01-21T16:43:55.103388,261.63,-65.6037787619991,C4
2025-01-21T16:43:55.103412,174.0,-44.60047874227084,F3 (174Hz)
2025-01-21T16:43:55.103436,285.0,-62.88805276606068,C#4 (285Hz)
2025-01-21T16:43:55.103461,396.0,-56.52301325824869,G4 (396Hz)
2025-01-21T16:43:55.103485,417.0,-62.598017028643525,G#4 (417Hz)
2025-01-21T16:43:55.103509,432.0,-64.81152079365505,A4 (432Hz)
2025-01-21T16:43:55.103533,528.0,-59.47356393786653,C5 (528Hz)
2025-01-21T16:43:55.103556,639.0,-77.05514141176275,D#5 (639Hz)
2025-01-21T16:43:55.103580,741.0,-67.62481896891535,F#5 (741Hz)
2025-01-21T16:43:55.103603,852.0,-91.69094128484161,G#5 (852Hz)
2025-01-21T16:43:55.103626,963.0,-78.28207266109166,B5 (963Hz)
2025-01-21T16:43:55.937128,196.0,-50.31305998180254,G3
2025-01-21T16:43:55.937192,440.0,-79.88382420968405,A4
2025-01-21T16:43:55.937226,466.16,-72.26897983338313,A#4
2025-01-21T16:43:55.937258,261.63,-43.14235882102384,C4
2025-01-21T16:43:55.937288,174.0,-48.52306147051608,F3 (174Hz)
2025-01-21T16:43:55.937318,285.0,-49.723763747688125,C#4 (285Hz)
2025-01-21T16:43:55.937349,396.0,-63.23174774984168,G4 (396Hz)
2025-01-21T16:43:55.937382,417.0,-109.77699556540918,G#4 (417Hz)
2025-01-21T16:43:55.937414,432.0,-79.60756407586099,A4 (432Hz)
2025-01-21T16:43:55.937446,528.0,-57.14129596490838,C5 (528Hz)
2025-01-21T16:43:55.937511,639.0,-71.67042066754072,D#5 (639Hz)
2025-01-21T16:43:55.937542,741.0,-65.7276306613903,F#5 (741Hz)
2025-01-21T16:43:55.937592,852.0,-87.6631841331174,G#5 (852Hz)
2025-01-21T16:43:55.937623,963.0,-67.84201947033645,B5 (963Hz)
2025-01-21T16:43:56.646746,196.0,-53.101801556696635,G3
2025-01-21T16:43:56.646784,440.0,-59.18739747976507,A4
2025-01-21T16:43:56.646800,466.16,-60.26414367684538,A#4
2025-01-21T16:43:56.646815,261.63,-41.51256034901918,C4
2025-01-21T16:43:56.646829,174.0,-62.57683982993112,F3 (174Hz)
2025-01-21T16:43:56.646842,285.0,-53.42765976539727,C#4 (285Hz)
2025-01-21T16:43:56.646855,396.0,-47.03178095494646,G4 (396Hz)
2025-01-21T16:43:56.646867,417.0,-49.9439553510619,G#4 (417Hz)
2025-01-21T16:43:56.646880,432.0,-55.23648379408279,A4 (432Hz)
2025-01-21T16:43:56.646892,528.0,-55.97785898864984,C5 (528Hz)
2025-01-21T16:43:56.646905,639.0,-87.11927462952262,D#5 (639Hz)
2025-01-21T16:43:56.646917,741.0,-73.91378167403968,F#5 (741Hz)
2025-01-21T16:43:56.646930,852.0,-83.22281289971176,G#5 (852Hz)
2025-01-21T16:43:56.646942,963.0,-100.81135511273418,B5 (963Hz)
2025-01-21T16:43:57.465727,196.0,-48.645244499109744,G3
2025-01-21T16:43:57.465782,440.0,-63.07426229389683,A4
2025-01-21T16:43:57.465809,466.16,-73.3234042372146,A#4
2025-01-21T16:43:57.465835,261.63,-46.92331410713783,C4
2025-01-21T16:43:57.465860,174.0,-60.51249854132176,F3 (174Hz)
2025-01-21T16:43:57.465884,285.0,-44.054616265467644,C#4 (285Hz)
2025-01-21T16:43:57.465908,396.0,-45.63293821883768,G4 (396Hz)
2025-01-21T16:43:57.465932,417.0,-49.703319639373106,G#4 (417Hz)
2025-01-21T16:43:57.465956,432.0,-58.2777003565856,A4 (432Hz)
2025-01-21T16:43:57.465979,528.0,-58.62303821986942,C5 (528Hz)
2025-01-21T16:43:57.466006,639.0,-70.22860794468754,D#5 (639Hz)
2025-01-21T16:43:57.466030,741.0,-72.6450857700615,F#5 (741Hz)
2025-01-21T16:43:57.466055,852.0,-71.97886482840185,G#5 (852Hz)
2025-01-21T16:43:57.466078,963.0,-81.82217674002914,B5 (963Hz)
2025-01-21T16:43:58.243703,196.0,-56.472430621071794,G3
2025-01-21T16:43:58.243733,440.0,-61.29618445993841,A4
2025-01-21T16:43:58.243742,466.16,-50.59074490290293,A#4
2025-01-21T16:43:58.243750,261.63,-46.39357327449122,C4
2025-01-21T16:43:58.243757,174.0,-70.77631824610816,F3 (174Hz)
2025-01-21T16:43:58.243764,285.0,-40.26840739965273,C#4 (285Hz)
2025-01-21T16:43:58.243770,396.0,-66.50869045787796,G4 (396Hz)
2025-01-21T16:43:58.243777,417.0,-78.01185580393941,G#4 (417Hz)
2025-01-21T16:43:58.243784,432.0,-72.18584707039027,A4 (432Hz)
2025-01-21T16:43:58.243791,528.0,-54.21470149453148,C5 (528Hz)
2025-01-21T16:43:58.243797,639.0,-63.49884750154995,D#5 (639Hz)
2025-01-21T16:43:58.243803,741.0,-70.00305457622643,F#5 (741Hz)
2025-01-21T16:43:58.243813,852.0,-66.00980295591373,G#5 (852Hz)
2025-01-21T16:43:58.243820,963.0,-66.13731115533562,B5 (963Hz)
2025-01-21T16:43:58.613257,196.0,-55.23478163108129,G3
2025-01-21T16:43:58.613283,440.0,-70.71064446171201,A4
2025-01-21T16:43:58.613292,466.16,-65.75762318264889,A#4
2025-01-21T16:43:58.613301,261.63,-42.871333961245014,C4
2025-01-21T16:43:58.613309,174.0,-60.4784610825036,F3 (174Hz)
2025-01-21T16:43:58.613315,285.0,-52.778299360767264,C#4 (285Hz)
2025-01-21T16:43:58.613322,396.0,-72.24792488873605,G4 (396Hz)
2025-01-21T16:43:58.613329,417.0,-77.14989411910732,G#4 (417Hz)
2025-01-21T16:43:58.613336,432.0,-78.68640298965158,A4 (432Hz)
2025-01-21T16:43:58.613342,528.0,-56.40793572134981,C5 (528Hz)
2025-01-21T16:43:58.613349,639.0,-69.2096962830792,D#5 (639Hz)
2025-01-21T16:43:58.613356,741.0,-64.86320873614788,F#5 (741Hz)
2025-01-21T16:43:58.613362,852.0,-81.75884287914968,G#5 (852Hz)
2025-01-21T16:43:58.613369,963.0,-67.9359106321865,B5 (963Hz)
2025-01-21T16:43:59.019689,196.0,-67.61324931683983,G3
2025-01-21T16:43:59.019726,440.0,-60.23435306029466,A4
2025-01-21T16:43:59.019744,466.16,-61.41180665809735,A#4
2025-01-21T16:43:59.019763,261.63,-58.3557242542838,C4
2025-01-21T16:43:59.019777,174.0,-68.33081567178924,F3 (174Hz)
2025-01-21T16:43:59.019792,285.0,-56.40626846537532,C#4 (285Hz)
2025-01-21T16:43:59.019807,396.0,-53.09426380467621,G4 (396Hz)
2025-01-21T16:43:59.019821,417.0,-57.11189302938281,G#4 (417Hz)
2025-01-21T16:43:59.019835,432.0,-59.045257403388725,A4 (432Hz)
2025-01-21T16:43:59.019850,528.0,-62.18721977522659,C5 (528Hz)
2025-01-21T16:43:59.019866,639.0,-60.200917434552125,D#5 (639Hz)
2025-01-21T16:43:59.019884,741.0,-62.98591026759165,F#5 (741Hz)
2025-01-21T16:43:59.019900,852.0,-77.15935683954012,G#5 (852Hz)
2025-01-21T16:43:59.019921,963.0,-83.47962421850656,B5 (963Hz)
2025-01-21T16:43:59.606205,196.0,-65.35811705974075,G3
2025-01-21T16:43:59.606263,440.0,-65.91167268364777,A4
2025-01-21T16:43:59.606295,466.16,-69.09334008988074,A#4
2025-01-21T16:43:59.606325,261.63,-60.55976990245761,C4
2025-01-21T16:43:59.606352,174.0,-62.04248290426236,F3 (174Hz)
2025-01-21T16:43:59.606378,285.0,-53.70164986551841,C#4 (285Hz)
2025-01-21T16:43:59.606404,396.0,-55.50087112997086,G4 (396Hz)
2025-01-21T16:43:59.606430,417.0,-59.9163973388803,G#4 (417Hz)
2025-01-21T16:43:59.606455,432.0,-62.71586228443883,A4 (432Hz)
2025-01-21T16:43:59.606481,528.0,-71.03865458244917,C5 (528Hz)
2025-01-21T16:43:59.606505,639.0,-63.77364221102149,D#5 (639Hz)
2025-01-21T16:43:59.606531,741.0,-61.901129425548895,F#5 (741Hz)
2025-01-21T16:43:59.606557,852.0,-68.52574937990278,G#5 (852Hz)
2025-01-21T16:43:59.606583,963.0,-84.87012646969674,B5 (963Hz)
2025-01-21T16:44:00.439651,196.0,-79.50555520140963,G3
2025-01-21T16:44:00.439704,440.0,-98.25858723961545,A4
2025-01-21T16:44:00.439730,466.16,-87.11378419897308,A#4
2025-01-21T16:44:00.439755,261.63,-82.55391209978603,C4
2025-01-21T16:44:00.439777,174.0,-90.35589314337886,F3 (174Hz)
2025-01-21T16:44:00.439799,285.0,-82.59603343038437,C#4 (285Hz)
2025-01-21T16:44:00.439822,396.0,-87.23839307208222,G4 (396Hz)
2025-01-21T16:44:00.439847,417.0,-103.2049861038238,G#4 (417Hz)
2025-01-21T16:44:00.439872,432.0,-96.37770232979148,A4 (432Hz)
2025-01-21T16:44:00.439897,528.0,-91.88281341241628,C5 (528Hz)
2025-01-21T16:44:00.439921,639.0,-88.9849159998547,D#5 (639Hz)
2025-01-21T16:44:00.439945,741.0,-93.0112291799003,F#5 (741Hz)
2025-01-21T16:44:00.439970,852.0,-96.21751725956008,G#5 (852Hz)
2025-01-21T16:44:00.439994,963.0,-89.62162859745136,B5 (963Hz)
2025-01-21T16:44:01.404384,196.0,-66.73292443401606,G3
2025-01-21T16:44:01.404428,440.0,-82.17067977551363,A4
2025-01-21T16:44:01.404443,466.16,-79.2613154017463,A#4
2025-01-21T16:44:01.404458,261.63,-44.17374448414368,C4
2025-01-21T16:44:01.404470,174.0,-66.43906763814653,F3 (174Hz)
2025-01-21T16:44:01.404482,285.0,-49.57150722711748,C#4 (285Hz)
2025-01-21T16:44:01.404494,396.0,-73.51680946292242,G4 (396Hz)
2025-01-21T16:44:01.404506,417.0,-76.41061434339254,G#4 (417Hz)
2025-01-21T16:44:01.404518,432.0,-78.50150177311642,A4 (432Hz)
2025-01-21T16:44:01.404530,528.0,-54.21235412540075,C5 (528Hz)
2025-01-21T16:44:01.404541,639.0,-73.63543312212084,D#5 (639Hz)
2025-01-21T16:44:01.404553,741.0,-89.57518914312665,F#5 (741Hz)
2025-01-21T16:44:01.404564,852.0,-80.46579090260671,G#5 (852Hz)
2025-01-21T16:44:01.404576,963.0,-87.04557144426789,B5 (963Hz)
2025-01-21T16:44:02.131996,196.0,-61.7930175850253,G3
2025-01-21T16:44:02.132056,440.0,-82.39290267255578,A4
2025-01-21T16:44:02.132086,466.16,-74.48316508050608,A#4
2025-01-21T16:44:02.132114,261.63,-39.163996076589044,C4
2025-01-21T16:44:02.132157,174.0,-61.226003404656964,F3 (174Hz)
2025-01-21T16:44:02.132183,285.0,-45.981912705960994,C#4 (285Hz)
2025-01-21T16:44:02.132208,396.0,-77.65480248219316,G4 (396Hz)
2025-01-21T16:44:02.132232,417.0,-80.25975067532202,G#4 (417Hz)
2025-01-21T16:44:02.132261,432.0,-77.83694169848046,A4 (432Hz)
2025-01-21T16:44:02.132285,528.0,-50.067161896643924,C5 (528Hz)
2025-01-21T16:44:02.132309,639.0,-78.7364427521764,D#5 (639Hz)
2025-01-21T16:44:02.132332,741.0,-79.28211814388243,F#5 (741Hz)
2025-01-21T16:44:02.132359,852.0,-84.12934317960627,G#5 (852Hz)
2025-01-21T16:44:02.132383,963.0,-87.57871679416532,B5 (963Hz)
2025-01-21T16:44:02.768164,196.0,-73.94641030223154,G3
2025-01-21T16:44:02.768197,440.0,-102.17293139753401,A4
2025-01-21T16:44:02.768212,466.16,-81.993734805641,A#4
2025-01-21T16:44:02.768225,261.63,-86.59229712608605,C4
2025-01-21T16:44:02.768238,174.0,-73.05527599822474,F3 (174Hz)
2025-01-21T16:44:02.768252,285.0,-83.64604970010602,C#4 (285Hz)
2025-01-21T16:44:02.768264,396.0,-87.21048663714014,G4 (396Hz)
2025-01-21T16:44:02.768277,417.0,-95.41315655852307,G#4 (417Hz)
2025-01-21T16:44:02.768288,432.0,-103.34361848972505,A4 (432Hz)
2025-01-21T16:44:02.768299,528.0,-85.86130989730756,C5 (528Hz)
2025-01-21T16:44:02.768311,639.0,-83.09176389183106,D#5 (639Hz)
2025-01-21T16:44:02.768323,741.0,-86.69785511438336,F#5 (741Hz)
2025-01-21T16:44:02.768334,852.0,-90.79196264582191,G#5 (852Hz)
2025-01-21T16:44:02.768346,963.0,-101.85319700265426,B5 (963Hz)
2025-01-21T16:44:03.196725,196.0,-61.55931428071857,G3
2025-01-21T16:44:03.196759,440.0,-48.81291921806544,A4
2025-01-21T16:44:03.196774,466.16,-49.53445150466534,A#4
2025-01-21T16:44:03.196788,261.63,-56.28257450365677,C4
2025-01-21T16:44:03.196800,174.0,-77.40548743797498,F3 (174Hz)
2025-01-21T16:44:03.196811,285.0,-66.84079195277835,C#4 (285Hz)
2025-01-21T16:44:03.196836,396.0,-63.615303784015936,G4 (396Hz)
2025-01-21T16:44:03.196848,417.0,-61.16850246169383,G#4 (417Hz)
2025-01-21T16:44:03.196859,432.0,-53.008706117104225,A4 (432Hz)
2025-01-21T16:44:03.196870,528.0,-76.40757092212381,C5 (528Hz)
2025-01-21T16:44:03.196881,639.0,-59.72191011332306,D#5 (639Hz)
2025-01-21T16:44:03.196891,741.0,-58.12006498209239,F#5 (741Hz)
2025-01-21T16:44:03.196901,852.0,-69.90700125382024,G#5 (852Hz)
2025-01-21T16:44:03.196911,963.0,-57.853680726133916,B5 (963Hz)
2025-01-21T16:44:03.604120,196.0,-49.071162587857735,G3
2025-01-21T16:44:03.604166,440.0,-52.627742077331774,A4
2025-01-21T16:44:03.604182,466.16,-62.17347294567,A#4
2025-01-21T16:44:03.604197,261.63,-66.77268207167864,C4
2025-01-21T16:44:03.604210,174.0,-66.22807174484151,F3 (174Hz)
2025-01-21T16:44:03.604223,285.0,-68.42038495871384,C#4 (285Hz)
2025-01-21T16:44:03.604234,396.0,-58.82088534721173,G4 (396Hz)
2025-01-21T16:44:03.604249,417.0,-48.47157976468666,G#4 (417Hz)
2025-01-21T16:44:03.604266,432.0,-48.98019720108639,A4 (432Hz)
2025-01-21T16:44:03.604277,528.0,-75.49100805816198,C5 (528Hz)
2025-01-21T16:44:03.604290,639.0,-49.11677125224111,D#5 (639Hz)
2025-01-21T16:44:03.604301,741.0,-76.15654312743027,F#5 (741Hz)
2025-01-21T16:44:03.604313,852.0,-58.29396653524729,G#5 (852Hz)
2025-01-21T16:44:03.604324,963.0,-86.71016505532765,B5 (963Hz)
2025-01-21T16:44:04.273036,196.0,-82.31940879512737,G3
2025-01-21T16:44:04.273075,440.0,-82.28157107668326,A4
2025-01-21T16:44:04.273090,466.16,-84.64858823312758,A#4
2025-01-21T16:44:04.273116,261.63,-80.34245271942379,C4
2025-01-21T16:44:04.273149,174.0,-95.29600100557397,F3 (174Hz)
2025-01-21T16:44:04.273184,285.0,-84.09993619363209,C#4 (285Hz)
2025-01-21T16:44:04.273206,396.0,-88.91330983495301,G4 (396Hz)
2025-01-21T16:44:04.273219,417.0,-73.23633272140239,G#4 (417Hz)
2025-01-21T16:44:04.273231,432.0,-73.8988191237031,A4 (432Hz)
2025-01-21T16:44:04.273243,528.0,-89.40576638403657,C5 (528Hz)
2025-01-21T16:44:04.273255,639.0,-88.27627132747516,D#5 (639Hz)
2025-01-21T16:44:04.273267,741.0,-94.5998451381412,F#5 (741Hz)
2025-01-21T16:44:04.273281,852.0,-92.17401538244249,G#5 (852Hz)
2025-01-21T16:44:04.273312,963.0,-96.59137184838943,B5 (963Hz)
2025-01-21T16:44:05.077287,196.0,-78.9477555290848,G3
2025-01-21T16:44:05.077326,440.0,-95.38068140800591,A4
2025-01-21T16:44:05.077344,466.16,-85.39928439332427,A#4
2025-01-21T16:44:05.077360,261.63,-83.96199680390465,C4
2025-01-21T16:44:05.077373,174.0,-76.64771820295415,F3 (174Hz)
2025-01-21T16:44:05.077387,285.0,-83.97942417790068,C#4 (285Hz)
2025-01-21T16:44:05.077401,396.0,-96.54109760717704,G4 (396Hz)
2025-01-21T16:44:05.077413,417.0,-104.2343283115835,G#4 (417Hz)
2025-01-21T16:44:05.077426,432.0,-86.85785476961965,A4 (432Hz)
2025-01-21T16:44:05.077439,528.0,-91.75203335237092,C5 (528Hz)
2025-01-21T16:44:05.077452,639.0,-92.51153112702269,D#5 (639Hz)
2025-01-21T16:44:05.077465,741.0,-90.71132848899103,F#5 (741Hz)
2025-01-21T16:44:05.077477,852.0,-86.02501861469455,G#5 (852Hz)
2025-01-21T16:44:05.077490,963.0,-98.05364005876626,B5 (963Hz)
2025-01-21T16:44:05.830192,196.0,-80.86372549869654,G3
2025-01-21T16:44:05.830252,440.0,-86.01986226845332,A4
2025-01-21T16:44:05.830280,466.16,-85.9054908202549,A#4
2025-01-21T16:44:05.830308,261.63,-82.11815143367325,C4
2025-01-21T16:44:05.830332,174.0,-73.03262370597827,F3 (174Hz)
2025-01-21T16:44:05.830356,285.0,-84.1304017274357,C#4 (285Hz)
2025-01-21T16:44:05.830380,396.0,-104.33456637627438,G4 (396Hz)
2025-01-21T16:44:05.830403,417.0,-91.0916181944207,G#4 (417Hz)
2025-01-21T16:44:05.830427,432.0,-87.43010278547868,A4 (432Hz)
2025-01-21T16:44:05.830450,528.0,-85.9512347877083,C5 (528Hz)
2025-01-21T16:44:05.830473,639.0,-82.97662823071184,D#5 (639Hz)
2025-01-21T16:44:05.830496,741.0,-88.35906665422581,F#5 (741Hz)
2025-01-21T16:44:05.830519,852.0,-89.27043516402117,G#5 (852Hz)
2025-01-21T16:44:05.830542,963.0,-89.45103399548822,B5 (963Hz)
2025-01-21T16:44:06.590617,196.0,-52.64063876878201,G3
2025-01-21T16:44:06.590657,440.0,-64.03608271941684,A4
2025-01-21T16:44:06.590674,466.16,-71.65193848930988,A#4
2025-01-21T16:44:06.590690,261.63,-74.35768936179872,C4
2025-01-21T16:44:06.590703,174.0,-70.47425866049036,F3 (174Hz)
2025-01-21T16:44:06.590716,285.0,-81.62503709683585,C#4 (285Hz)
2025-01-21T16:44:06.590728,396.0,-50.847534012831034,G4 (396Hz)
2025-01-21T16:44:06.590742,417.0,-52.72454400148121,G#4 (417Hz)
2025-01-21T16:44:06.590755,432.0,-57.89995667046646,A4 (432Hz)
2025-01-21T16:44:06.590768,528.0,-69.35133805206159,C5 (528Hz)
2025-01-21T16:44:06.590780,639.0,-49.6451580231211,D#5 (639Hz)
2025-01-21T16:44:06.590804,741.0,-63.940120920849886,F#5 (741Hz)
2025-01-21T16:44:06.590860,852.0,-60.32975263987914,G#5 (852Hz)
2025-01-21T16:44:06.590904,963.0,-92.34141145719556,B5 (963Hz)
2025-01-21T16:44:07.283949,196.0,-41.76450041265377,G3
2025-01-21T16:44:07.283983,440.0,-66.06868013462241,A4
2025-01-21T16:44:07.283997,466.16,-64.89910627251474,A#4
2025-01-21T16:44:07.284011,261.63,-56.41385568037276,C4
2025-01-21T16:44:07.284024,174.0,-51.786464286858916,F3 (174Hz)
2025-01-21T16:44:07.284036,285.0,-58.928868213061854,C#4 (285Hz)
2025-01-21T16:44:07.284048,396.0,-43.73589931897526,G4 (396Hz)
2025-01-21T16:44:07.284060,417.0,-52.7494840305124,G#4 (417Hz)
2025-01-21T16:44:07.284071,432.0,-65.68216930427808,A4 (432Hz)
2025-01-21T16:44:07.284083,528.0,-62.31794668304724,C5 (528Hz)
2025-01-21T16:44:07.284095,639.0,-51.737183939474036,D#5 (639Hz)
2025-01-21T16:44:07.284107,741.0,-73.35416352796751,F#5 (741Hz)
2025-01-21T16:44:07.284119,852.0,-58.46559293187604,G#5 (852Hz)
2025-01-21T16:44:07.284131,963.0,-64.009633526268,B5 (963Hz)
2025-01-21T16:44:07.739614,196.0,-53.688704264867624,G3
2025-01-21T16:44:07.739646,440.0,-89.0509404472313,A4
2025-01-21T16:44:07.739659,466.16,-91.76232917592458,A#4
2025-01-21T16:44:07.739672,261.63,-84.04580349504843,C4
2025-01-21T16:44:07.739683,174.0,-58.500249237742715,F3 (174Hz)
2025-01-21T16:44:07.739694,285.0,-80.80901299934166,C#4 (285Hz)
2025-01-21T16:44:07.739704,396.0,-92.60089459796801,G4 (396Hz)
2025-01-21T16:44:07.739715,417.0,-83.936282081119,G#4 (417Hz)
2025-01-21T16:44:07.739725,432.0,-89.7632050104944,A4 (432Hz)
2025-01-21T16:44:07.739736,528.0,-98.345838970846,C5 (528Hz)
2025-01-21T16:44:07.739746,639.0,-90.3556335741191,D#5 (639Hz)
2025-01-21T16:44:07.739757,741.0,-89.71659875767757,F#5 (741Hz)
2025-01-21T16:44:07.739768,852.0,-86.2141016378868,G#5 (852Hz)
2025-01-21T16:44:07.739778,963.0,-91.20200075533731,B5 (963Hz)
2025-01-21T16:44:08.147669,196.0,-66.9060898085772,G3
2025-01-21T16:44:08.147703,440.0,-72.64090265249897,A4
2025-01-21T16:44:08.147718,466.16,-72.2669121115788,A#4
2025-01-21T16:44:08.147732,261.63,-64.00715519875126,C4
2025-01-21T16:44:08.147745,174.0,-71.80892029288464,F3 (174Hz)
2025-01-21T16:44:08.147757,285.0,-65.32614085062318,C#4 (285Hz)
2025-01-21T16:44:08.147770,396.0,-66.73397870411637,G4 (396Hz)
2025-01-21T16:44:08.147782,417.0,-64.59941010578257,G#4 (417Hz)
2025-01-21T16:44:08.147794,432.0,-66.39443480980712,A4 (432Hz)
2025-01-21T16:44:08.147806,528.0,-56.22606573157349,C5 (528Hz)
2025-01-21T16:44:08.147817,639.0,-72.59865319282338,D#5 (639Hz)
2025-01-21T16:44:08.147829,741.0,-64.05694619067985,F#5 (741Hz)
2025-01-21T16:44:08.147842,852.0,-73.9725323329896,G#5 (852Hz)
2025-01-21T16:44:08.147853,963.0,-83.73088674659513,B5 (963Hz)
